expr_idx,pl_idx,r_prec,dcg,idcg,ndcg,clicks
0,833,0.056,2.5929714746760135,6.355389973203988,0.4079956518181685,1
