r_precision,ndcg,clicks,rr,recall
0.27391739960582684,0.6620029215387244,0.324,0.5728888841546723,0.9462643334428659
