r_precision,ndcg,clicks,rr,recall
0.22240581982652396,0.615077731603106,0.649,0.5355647342417819,0.8739442637790253
