r_precision,ndcg,clicks,rr,recall
0.19505189823686236,0.5229295279639518,5.859555555555556,0.42013216315603946,0.6727602158794714
