Metric,Average
R-Precision,0.13919254242556897
DCG,3.5322687898032843
IDCG,5.677819719624616
NDCG,0.5049794130591434
Clicks,1.11
