R_Precision,DCG,IDCG,NDCG,Recommended_Songs_Clicks
0.00037567345623423966,0.010670576630053162,1.0,0.010670576630053162,9.64
