R_Precision,DCG,IDCG,NDCG,Recommended_Songs_Clicks
0.0,3.5461143780422066,16.0107553476111,0.18588144848332913,9747.85
