Metric,Average
R-Precision,0.1163767003733758
DCG,3.2151790436051955
IDCG,5.024206507839293
NDCG,0.515651352865578
Clicks,1.42
