Metric,Average
R-Precision,0.10519971827416988
DCG,2.378530053326953
IDCG,5.094586393953879
NDCG,0.37145937058817113
Clicks,2.08
