Metric,Average
R-Precision,0.023369864354780154
DCG,0.5664485227704006
IDCG,1.8347641608959777
NDCG,0.14215306003622233
Clicks,7.23
