Metric,Average
R-Precision,0.04778535300665651
DCG,1.3093224844242417
IDCG,2.686877217130279
NDCG,0.324877119899579
Clicks,0.8
