Metric,Average
R-Precision,0.05985624902287896
DCG,1.501222683571458
IDCG,3.2570639467302063
NDCG,0.3385479063066484
Clicks,2.75
