Metric,Average
R-Precision,0.0478074327787363
DCG,1.3055616859740473
IDCG,2.6798680700052717
NDCG,0.326728119295002
Clicks,3.51
