Metric,Average
R-Precision,0.029370355912649658
DCG,0.7623934036810435
IDCG,2.0992731588560116
NDCG,0.24064928433391622
Clicks,19.79245283018868
