r_precision,ndcg,clicks,rr,recall
0.010781059851400645,0.14397692263291043,23.75,0.022485608134512163,0.0356204457812895
