r_precision,ndcg,clicks,rr,recall
0.1948985816438961,0.522288685181959,6.053000000000001,0.41985051256693945,0.6726208603137949
