R_Precision,DCG,IDCG,NDCG,Recommended_Songs_Clicks
0.1342980141231442,3.2642299595416775,5.251838721521515,0.4707965386706023,1.77
