r_precision,ndcg,clicks,rr,recall
0.009159761023067209,0.12957096622879677,23.908,0.02410057112885077,0.033157368655863335
