r_precision,ndcg,clicks,rr,recall
0.00030138232829516037,0.015293513771450992,47.21,0.002485974990175409,0.0021964533803025847
