r_precision,ndcg,clicks,rr,recall
0.0006181834234110666,0.03088463579094402,44.116,0.004035318706945069,0.0021060102745757174
