r_precision,ndcg,clicks,rr,recall
0.00035008753248111493,0.024171323910196805,45.547,0.004356201040612406,0.002189173306712356
