r_precision,ndcg,clicks,rr,recall
0.0002871879248398766,0.014690125838558082,47.31644444444444,0.0023355105691577806,0.001743691504108948
