r_precision,ndcg,clicks,rr,recall
0.13935436328027867,0.4245291768780891,4.065,0.38537440125488914,0.5320441266777546
