r_precision,ndcg,clicks,rr,recall
0.33441601436029306,0.7374940774686466,0.502,0.5767276169901202,0.8846144945802806
