r_precision,ndcg,clicks,rr,recall
0.22240581982652396,0.615077731603106,0.649,0.5355647342417819,0.8739442637790253
0.22386024959871131,0.6358130244880695,0.427,0.5588399116632777,0.8700670299576153
0.27391739960582684,0.6620029215387244,0.324,0.5728888841546723,0.9462643334428659
0.2764345291371648,0.6668553492673467,0.348,0.562238576725596,0.9501322646690017
0.3180526730279244,0.7355492510232504,0.343,0.6091844848389586,0.8850068709080865
0.33441601436029306,0.7374940774686466,0.502,0.5767276169901202,0.8846144945802806
0.2801150281483319,0.6874379802973168,0.701,0.5080543926804285,0.9274633931761123
0.2676593561271482,0.6785003724339306,0.61,0.48399259882241147,0.9355483846219576
0.13935436328027867,0.4245291768780891,4.065,0.38537440125488914,0.5320441266777546
