r_precision,ndcg,clicks,rr,recall
0.00035892894342017694,0.01594480485071981,46.943,0.002388964023453619,0.002563416298484678
