r_precision,ndcg,clicks,rr,recall
0.00028975442131841617,0.01484682000952247,47.321,0.0024511623753447286,0.0021383561217578925
