r_precision,ndcg,clicks,rr,recall
0.0006020380517509426,0.03061858358237488,44.191,0.004026820705045539,0.00208660384003216
