r_precision,ndcg,clicks,rr,recall
1.748358528019545e-05,0.002729586749731044,49.538,0.00013224820452295205,0.00022891980128073798
