r_precision,ndcg,clicks,rr,recall
0.0001789073415927636,0.005918072220237329,48.927,0.0005229207700464044,0.001661483824914751
