r_precision,ndcg,clicks,rr,recall
0.0002695988038117869,0.014379127963236402,47.37211111111112,0.002167525261561012,0.0016953653631991297
