R_Precision,DCG,IDCG,NDCG,Recommended_Songs_Clicks
0.0,0.0011583465265113833,1.0,0.0011583465265113833,49.89
