r_precision,ndcg,clicks,rr,recall
0.16148465924941782,0.5087300740262027,1.676,0.44877092102362787,0.4260088346023399
