r_precision,ndcg,clicks,rr,recall
0.01252534660001476,0.14790941415071396,22.525,0.023922053773187107,0.037870686740489524
