r_precision,ndcg,clicks,rr,recall
0.15359050840345254,0.5022224765458178,1.361,0.4535911582168769,0.41426784844888703
