r_precision,ndcg,clicks,rr,recall
0.00876688569443719,0.13050367127716472,23.469,0.02517538271135987,0.03201964938758869
