r_precision,ndcg,clicks,rr,recall
0.27648879571065327,0.6668190983505837,0.3483483483483483,0.5623008776031991,0.9500823470160177
