r_precision,ndcg,clicks,rr,recall
0.2741137355636127,0.6621355402676912,0.32432432432432434,0.5731286795008398,0.9465998221539087
