r_precision,ndcg,clicks,rr,recall
0.22396842855358068,0.6358617547991885,0.42742742742742745,0.5592324774740851,0.8699369669245398
