r_precision,ndcg,clicks,rr,recall
0.2802419367517503,0.687516858136776,0.7007007007007007,0.5084795388859812,0.9276643909003459
