r_precision,ndcg,clicks,rr,recall
0.009175287606508691,0.1293701041875231,23.852852852852852,0.024045243344176685,0.033071419184919945
