r_precision,ndcg,clicks,rr,recall
0.22249146919045124,0.6150647473984586,0.6496496496496497,0.5358505848266084,0.8738180818608863
